First Name	|	Last Name	|	Graduation Year	|	Email							|	Location
-----------------------------------------------------------------------------------------------------------------
Alice		|	Johnson		|	2011			|	alice.johnson@example.com		|	Los Angeles, CA
-----------------------------------------------------------------------------------------------------------------
Michael		|	Smith		|	2018			|	michael.smith@example.com		|	Chicago, IL
-----------------------------------------------------------------------------------------------------------------
Emily		|	Williams	|	2014			|	emily.williams@example.com		|	New York, NY
-----------------------------------------------------------------------------------------------------------------
David		|	Johnson		|	2017			|	david.johnson@example.com		|	London, UK
-----------------------------------------------------------------------------------------------------------------
Olivia		|	Miller		|	2013			|	olivia.miller@example.com		|	San Francisco, CA
-----------------------------------------------------------------------------------------------------------------
Christopher	|	Clark		|	2015			|	christopher.clark@example.com	|	Houston, TX
-----------------------------------------------------------------------------------------------------------------
Sophia		|	Anderson	|	2012			|	sophia.anderson@example.com		|	Toronto, Canada
-----------------------------------------------------------------------------------------------------------------
Matthew		|	Walker		|	2019			|	matthew.walker@example.com		|   Miami, FL
-----------------------------------------------------------------------------------------------------------------
Emma		|	Moore		|	2016			|	emma.moore@example.com			|	Berlin, Germany
-----------------------------------------------------------------------------------------------------------------
Daniel		|	Hall		|	2020			|	daniel.hall@example.com			|	Sydney, Australia
-----------------------------------------------------------------------------------------------------------------
Ava			|	Evans		|	2010			|	ava.evans@example.com			|	Seattle, WA
-----------------------------------------------------------------------------------------------------------------
Nathan		|	Turner		|	2015			|	nathan.turner@example.com		|	Paris, France
-----------------------------------------------------------------------------------------------------------------
Grace		|	Adams		|	2014			|	grace.adams@example.com			|	Austin, TX
-----------------------------------------------------------------------------------------------------------------
Logan		|	Cooper		|	2016			|	logan.cooper@example.com		|	Seoul, South Korea
-----------------------------------------------------------------------------------------------------------------
Chloe		|	Wright		|	2021			|	chloe.wright@example.com		|	Madrid, Spain
-----------------------------------------------------------------------------------------------------------------
Ethan		|	Robinson	|	2018			|	ethan.robinson@example.com		|	Dubai, UAE
-----------------------------------------------------------------------------------------------------------------
Mia			|	Stewart		|	2013			|	mia.stewart@example.com			|	Rio de Janeiro, Brazil
-----------------------------------------------------------------------------------------------------------------
James		|	Lee			|	2019			|	james.lee@example.com			|	Shanghai, China
-----------------------------------------------------------------------------------------------------------------
Isabella	|	Hamilton	|	2017			|	isabella.hamilton@example.com	|	Mexico City, Mexico
-----------------------------------------------------------------------------------------------------------------
William		|	Young		|	2012			|	william.young@example.com		|	Singapore
-----------------------------------------------------------------------------------------------------------------
Ava			|	Fisher		|	2011			|	ava.fisher@example.com			|	Stockholm, Sweden
-----------------------------------------------------------------------------------------------------------------
Jack		|	Anderson	|	2022			|	jack.anderson@example.com		|	Barcelona, Spain
-----------------------------------------------------------------------------------------------------------------
Sophie		|	Turner		|	2014			|	sophie.turner@example.com		|	Boston, MA
-----------------------------------------------------------------------------------------------------------------
Henry		|	Miller		|	2010			|	henry.miller@example.com		|	Cape Town, South Africa
-----------------------------------------------------------------------------------------------------------------
Abigail		|	Clark		|	2015			|	abigail.clark@example.com		|	San Diego, CA
-----------------------------------------------------------------------------------------------------------------
Andrew		|	White		|	2016			|	andrew.white@example.com		|	Dublin, Ireland
-----------------------------------------------------------------------------------------------------------------
Grace		|	Turner		|	2013			|	grace.turner@example.com		|	Amsterdam, Netherlands